"<span class=""color-red"">","1286","262"
"<span style=""font-size: 0.8em;"">","477","175"
"<span style=""font-size: 1.35em;"">","140","96"
"<span style=""font-size: 1.5em;"">","100","70"
"<span style=""font-size: 0.8em; color: #999999;"">","59","43"
"<span style=""color: #999999;"">","55","34"
"<span class=""btn-wrap btn-wrap-orange btn-wrap-m"">","43","7"
"<span style=""color: #808080;"">","12","10"
"<span class=""btn-wrap btn-wrap-light-green btn-wrap-m"">","11","5"
"<span class=""btn-wrap btn-wrap-brown btn-wrap-m"">","10","6"
"<span style=""font-size: 0.8em; color: #808080;"">","8","8"
"<span class=""btn-wrap btn-wrap-green btn-wrap-m"">","7","2"
"<span style=""font-size: 2.0em;"">","7","7"
"<span class=""btn-wrap btn-wrap-purple btn-wrap-m"">","5","2"
"<span class=""btn-wrap btn-wrap-cyan btn-wrap-m"">","4","4"
"<span class=""btn-wrap btn-wrap-light-blue btn-wrap-m"">","4","3"
"<span class=""btn-wrap btn-wrap-deep-orange btn-wrap-m"">","2","2"
"<span class=""btn-wrap btn-wrap-red btn-wrap-m"">","2","2"
"<span class=""color-red"" style=""font-size: 1.35em;"">","2","1"
"<span class=""btn-wrap btn-wrap-indigo btn-wrap-m"">","1","1"
"<span style=""display: inline-block; margin-top: 0.3em; font-size: 0.8em;"">","1","1" 🔴買ってよかったもの冒頭の追記ブロックのやつ
