id	post_type	slug	title	target_slug
2	page	profile	このブログを書いている人	nice-to-meet-you-10
270	page	what-is-this-blog	このブログについて：みるめもとは	nice-to-meet-you-10
82	post	iwannabetheguy-map	I Wanna be the Guy の全体マップをつくった	i-wanna-recommend
142	post	donkey-2-soundtrack	ドンキー 2 のサントラになぜ 20 万もの値が付くのか考える	game-ranking
314	post	kazaguru-mouse	「かざぐるマウス」で、ワンランク上のPC作業を手に入れる	kazaguru-mouse-matome
314	post	kazaguru-mouse	「かざぐるマウス」で、ワンランク上のPC作業を手に入れる	windows-settings
328	post	firefox-plugin	Firefoxにとりあえず入れておきたいアドオンおすすめ13選	adblockplus-whitefilter
328	post	firefox-plugin	Firefoxにとりあえず入れておきたいアドオンおすすめ13選	vivaldi
636	post	kirby-sdx	僕の中でのカービィの原点はスーパーデラックスにあるかもしれない	kirby-future-kirby
636	post	kirby-sdx	僕の中でのカービィの原点はスーパーデラックスにあるかもしれない	microtonal-music
689	post	android-app	誰も知らない超便利 Android アプリおすすめ 40 選	apk-app-install
689	post	android-app	誰も知らない超便利 Android アプリおすすめ 40 選	memo-widget
689	post	android-app	誰も知らない超便利 Android アプリおすすめ 40 選	from-windows-to-android
689	post	android-app	誰も知らない超便利 Android アプリおすすめ 40 選	android-browser
689	post	android-app	誰も知らない超便利 Android アプリおすすめ 40 選	twitter-client
689	post	android-app	誰も知らない超便利 Android アプリおすすめ 40 選	radio-relax
689	post	android-app	誰も知らない超便利 Android アプリおすすめ 40 選	gboard
689	post	android-app	誰も知らない超便利 Android アプリおすすめ 40 選	auto-scroll
689	post	android-app	誰も知らない超便利 Android アプリおすすめ 40 選	mercari-sell
689	post	android-app	誰も知らない超便利 Android アプリおすすめ 40 選	tasker-example
689	post	android-app	誰も知らない超便利 Android アプリおすすめ 40 選	wi-fi-auto-onoff
689	post	android-app	誰も知らない超便利 Android アプリおすすめ 40 選	notify-filtering
689	post	android-app	誰も知らない超便利 Android アプリおすすめ 40 選	earphone-er4pt
689	post	android-app	誰も知らない超便利 Android アプリおすすめ 40 選	memo-widget
689	post	android-app	誰も知らない超便利 Android アプリおすすめ 40 選	nova-launcher
689	post	android-app	誰も知らない超便利 Android アプリおすすめ 40 選	crypto-currency
689	post	android-app	誰も知らない超便利 Android アプリおすすめ 40 選	android-9-notification
689	post	android-app	誰も知らない超便利 Android アプリおすすめ 40 選	line-notification
861	post	game-ranking	SFC/N64/GC/Wii(U)/Switch/PS1~4 などゲームソフト個人的おすすめランキング50選！	kirby-future-kirby
861	post	game-ranking	SFC/N64/GC/Wii(U)/Switch/PS1~4 などゲームソフト個人的おすすめランキング50選！	mario-odyssey-review
861	post	game-ranking	SFC/N64/GC/Wii(U)/Switch/PS1~4 などゲームソフト個人的おすすめランキング50選！	chrono-trigger-symphony
861	post	game-ranking	SFC/N64/GC/Wii(U)/Switch/PS1~4 などゲームソフト個人的おすすめランキング50選！	kingdom-hearts
861	post	game-ranking	SFC/N64/GC/Wii(U)/Switch/PS1~4 などゲームソフト個人的おすすめランキング50選！	xenoblade2-review
861	post	game-ranking	SFC/N64/GC/Wii(U)/Switch/PS1~4 などゲームソフト個人的おすすめランキング50選！	celeste-review
861	post	game-ranking	SFC/N64/GC/Wii(U)/Switch/PS1~4 などゲームソフト個人的おすすめランキング50選！	indiesgames
861	post	game-ranking	SFC/N64/GC/Wii(U)/Switch/PS1~4 などゲームソフト個人的おすすめランキング50選！	celeste-chapter-9
861	post	game-ranking	SFC/N64/GC/Wii(U)/Switch/PS1~4 などゲームソフト個人的おすすめランキング50選！	falcom-message
861	post	game-ranking	SFC/N64/GC/Wii(U)/Switch/PS1~4 などゲームソフト個人的おすすめランキング50選！	supermario-rpg
861	post	game-ranking	SFC/N64/GC/Wii(U)/Switch/PS1~4 などゲームソフト個人的おすすめランキング50選！	kirby-sdx
861	post	game-ranking	SFC/N64/GC/Wii(U)/Switch/PS1~4 などゲームソフト個人的おすすめランキング50選！	donkey-2-soundtrack
861	post	game-ranking	SFC/N64/GC/Wii(U)/Switch/PS1~4 などゲームソフト個人的おすすめランキング50選！	i-wanna-recommend
861	post	game-ranking	SFC/N64/GC/Wii(U)/Switch/PS1~4 などゲームソフト個人的おすすめランキング50選！	indies-game-recommend
861	post	game-ranking	SFC/N64/GC/Wii(U)/Switch/PS1~4 などゲームソフト個人的おすすめランキング50選！	comics
947	post	silent-phonecall-android	自宅では普段サイレントだけど電話だけは鳴らしたい（Android）	tasker-example
1124	post	breakfast-best	時短＋コスパ重視＋栄養もしっかり取れる理想の朝食形態とは？	protein-my-protein
1174	post	auto-music-create	「頭の中で勝手に知らない曲が作曲され、それが流れていく現象」の謎	out-of-body
1208	post	recommended-mouse-qtuo	自宅でも職場でも使える！おすすめワイヤレス5ボタンマウス「Qtuo」	kazaguru-mouse
1298	post	memo-widget	Androidでホーム画面にウィジェットを格好良く設置するカスタマイズ	android-app
1298	post	memo-widget	Androidでホーム画面にウィジェットを格好良く設置するカスタマイズ	nova-launcher
1298	post	memo-widget	Androidでホーム画面にウィジェットを格好良く設置するカスタマイズ	android-home-like-iphone
1303	post	android-browser	ぶっちぎりでおすすめのスマホブラウザアプリ「Sleipnir」を紹介	android-app
1309	post	car-navigation-choice	社外品カーナビの選び方！目的を考えた選択をしよう	car-navigation-matome
1309	post	car-navigation-choice	社外品カーナビの選び方！目的を考えた選択をしよう	car-navigation-maker-comparison
1309	post	car-navigation-choice	社外品カーナビの選び方！目的を考えた選択をしよう	carnavi-recommend
1458	post	good-goods	高いけど本当に買ってよかったもの総まとめ 40 選	kami-memo
1458	post	good-goods	高いけど本当に買ってよかったもの総まとめ 40 選	katakori-necklace
1458	post	good-goods	高いけど本当に買ってよかったもの総まとめ 40 選	lg-monitor-24ud58-b-review
1458	post	good-goods	高いけど本当に買ってよかったもの総まとめ 40 選	beer
1458	post	good-goods	高いけど本当に買ってよかったもの総まとめ 40 選	logicool-mouses
1458	post	good-goods	高いけど本当に買ってよかったもの総まとめ 40 選	how-to-enjoy-massage
1458	post	good-goods	高いけど本当に買ってよかったもの総まとめ 40 選	panasonic-memoto-esute
1458	post	good-goods	高いけど本当に買ってよかったもの総まとめ 40 選	posture-correction
1458	post	good-goods	高いけど本当に買ってよかったもの総まとめ 40 選	protein-my-protein
1458	post	good-goods	高いけど本当に買ってよかったもの総まとめ 40 選	ice-pillow
1458	post	good-goods	高いけど本当に買ってよかったもの総まとめ 40 選	keybord-recommend
1458	post	good-goods	高いけど本当に買ってよかったもの総まとめ 40 選	antiperspirants
1458	post	good-goods	高いけど本当に買ってよかったもの総まとめ 40 選	mezamashi-curtain-mornin
1458	post	good-goods	高いけど本当に買ってよかったもの総まとめ 40 選	cartolare-hammock-wallet
1458	post	good-goods	高いけど本当に買ってよかったもの総まとめ 40 選	keybord-bfkb88pcbk
1458	post	good-goods	高いけど本当に買ってよかったもの総まとめ 40 選	earphone-er4pt
1458	post	good-goods	高いけど本当に買ってよかったもの総まとめ 40 選	iphone-and-android
1458	post	good-goods	高いけど本当に買ってよかったもの総まとめ 40 選	global-smartphone
1458	post	good-goods	高いけど本当に買ってよかったもの総まとめ 40 選	technogel-pillow-review
1497	post	pc-freesoft	Windows にまず入れたいおすすめフリーソフト/便利アプリ 30 個くらい＋純正ソフト/PowerToys	vivaldi
1497	post	pc-freesoft	Windows にまず入れたいおすすめフリーソフト/便利アプリ 30 個くらい＋純正ソフト/PowerToys	vivaldi-settings
1497	post	pc-freesoft	Windows にまず入れたいおすすめフリーソフト/便利アプリ 30 個くらい＋純正ソフト/PowerToys	chrome-extension
1497	post	pc-freesoft	Windows にまず入れたいおすすめフリーソフト/便利アプリ 30 個くらい＋純正ソフト/PowerToys	google-ime-tips
1497	post	pc-freesoft	Windows にまず入れたいおすすめフリーソフト/便利アプリ 30 個くらい＋純正ソフト/PowerToys	how-to-write-blog
1497	post	pc-freesoft	Windows にまず入れたいおすすめフリーソフト/便利アプリ 30 個くらい＋純正ソフト/PowerToys	kewswap
1497	post	pc-freesoft	Windows にまず入れたいおすすめフリーソフト/便利アプリ 30 個くらい＋純正ソフト/PowerToys	hotkeyp
1497	post	pc-freesoft	Windows にまず入れたいおすすめフリーソフト/便利アプリ 30 個くらい＋純正ソフト/PowerToys	win-touchpad-soft
1497	post	pc-freesoft	Windows にまず入れたいおすすめフリーソフト/便利アプリ 30 個くらい＋純正ソフト/PowerToys	kazaguru-mouse-matome
1497	post	pc-freesoft	Windows にまず入れたいおすすめフリーソフト/便利アプリ 30 個くらい＋純正ソフト/PowerToys	kazaguru-mouse
1497	post	pc-freesoft	Windows にまず入れたいおすすめフリーソフト/便利アプリ 30 個くらい＋純正ソフト/PowerToys	relaxtools-addin
1497	post	pc-freesoft	Windows にまず入れたいおすすめフリーソフト/便利アプリ 30 個くらい＋純正ソフト/PowerToys	zenbu-hiraku
1497	post	pc-freesoft	Windows にまず入れたいおすすめフリーソフト/便利アプリ 30 個くらい＋純正ソフト/PowerToys	online-tools
1765	post	windows10-goodpoint	【Windows10のメリット】Windows10にしてみて良かった点を挙げまくる	win-touchpad-soft
1765	post	windows10-goodpoint	【Windows10のメリット】Windows10にしてみて良かった点を挙げまくる	windows-screenshot
2109	post	how-do-i-get-fat	どうやっても太れない人が太るには？	bulk-up
2141	post	carnavigation-connect	【保存版】社外品カーナビを買うとき、他に必要なものとその調べ方まとめ	car-navigation-maker-comparison
2141	post	carnavigation-connect	【保存版】社外品カーナビを買うとき、他に必要なものとその調べ方まとめ	carnavi-distinguish
2141	post	carnavigation-connect	【保存版】社外品カーナビを買うとき、他に必要なものとその調べ方まとめ	genuine-common
2141	post	carnavigation-connect	【保存版】社外品カーナビを買うとき、他に必要なものとその調べ方まとめ	carnavi-size
2141	post	carnavigation-connect	【保存版】社外品カーナビを買うとき、他に必要なものとその調べ方まとめ	fitting-kit
2141	post	carnavigation-connect	【保存版】社外品カーナビを買うとき、他に必要なものとその調べ方まとめ	best-kit-just-fit
2257	post	celeste-review	【Celesteレビュー】心から楽しいと思える、人生に刻まれるゲームでした	celeste-chapter-9
2257	post	celeste-review	【Celesteレビュー】心から楽しいと思える、人生に刻まれるゲームでした	indiesgames
2288	post	indiesgames	【ゲームのすすめ】インディーズゲームは決して「お手軽ゲーム」ではない！	celeste-review
2288	post	indiesgames	【ゲームのすすめ】インディーズゲームは決して「お手軽ゲーム」ではない！	indies-game-recommend
2323	post	amazon-shopping-success	【保存版】Amazonなどネットショッピングで失敗しない５つの方法	amazon-prime-student
2320	post	from-windows-to-android	WindowsからAndroidのファイルにアクセスする方法	windows-add-network-place
2320	post	from-windows-to-android	WindowsからAndroidのファイルにアクセスする方法	windows-add-network-place
2410	post	keybord-recommend	【キーボードおすすめ10選！】13万円近く散財してきた僕が徹底的に比較します	keybord-bfkb88pcbk
2410	post	keybord-recommend	【キーボードおすすめ10選！】13万円近く散財してきた僕が徹底的に比較します	kewswap
2421	post	keybord-bfkb88pcbk	【BFKB88PCBKレビュー】キーボードオタクの僕が辿りついた最強のPCキーボード	keybord-recommend
2755	post	eye-catch-thumbnail	【ブロガー必見！】オリジナリティある効果的なアイキャッチを量産する方法	img-copyguard-break
2840	post	protein-my-protein	「安い・高品質・味が豊富」のマイプロテインが最強すぎるので徹底的にレビューする	bulk-up
2895	post	cats-goods	ねこ用品のおすすめ10選を紹介！～男一人暮らしでの2匹飼い～	cats-toilet
2895	post	cats-goods	ねこ用品のおすすめ10選を紹介！～男一人暮らしでの2匹飼い～	cat-water
3008	post	out-of-body	【歴 8 年】体外離脱(幽体離脱) のやり方・コツ・概要を徹底的にまとめたよ	alertness-and-awareness-of-self-consciousness
3008	post	out-of-body	【歴 8 年】体外離脱(幽体離脱) のやり方・コツ・概要を徹底的にまとめたよ	dreaming-rem-sleep
3008	post	out-of-body	【歴 8 年】体外離脱(幽体離脱) のやり方・コツ・概要を徹底的にまとめたよ	lucid-dreaming-training
3008	post	out-of-body	【歴 8 年】体外離脱(幽体離脱) のやり方・コツ・概要を徹底的にまとめたよ	drinking-dreaming
3008	post	out-of-body	【歴 8 年】体外離脱(幽体離脱) のやり方・コツ・概要を徹底的にまとめたよ	sleep-signal
3008	post	out-of-body	【歴 8 年】体外離脱(幽体離脱) のやり方・コツ・概要を徹底的にまとめたよ	meditation
2751	post	lucid-dreaming-training	【明晰夢とは？】明晰夢を見る方法と訓練の仕方、夢の中でできること	out-of-body
2751	post	lucid-dreaming-training	【明晰夢とは？】明晰夢を見る方法と訓練の仕方、夢の中でできること	lucid-dreaming-mild-technique
2751	post	lucid-dreaming-training	【明晰夢とは？】明晰夢を見る方法と訓練の仕方、夢の中でできること	out-of-body
3095	post	dreaming-rem-sleep	レム睡眠がカギ：明晰夢や体外離脱との関係を知るとコツが分かってくる	out-of-body
3095	post	dreaming-rem-sleep	レム睡眠がカギ：明晰夢や体外離脱との関係を知るとコツが分かってくる	altahr
3140	post	lucid-dreaming-mild-technique	【明晰夢を見る方法①】MILDテクニック	lucid-dreaming-training
3140	post	lucid-dreaming-mild-technique	【明晰夢を見る方法①】MILDテクニック	alertness-and-awareness-of-self-consciousness
3140	post	lucid-dreaming-mild-technique	【明晰夢を見る方法①】MILDテクニック	dreaming-rem-sleep
3140	post	lucid-dreaming-mild-technique	【明晰夢を見る方法①】MILDテクニック	meditation
3140	post	lucid-dreaming-mild-technique	【明晰夢を見る方法①】MILDテクニック	visualization
3207	post	meditation	【毎日できる！】瞑想で自己意識を高めて明晰夢を見よう	out-of-body
3239	post	lucid-dreaming-wild-technique	【明晰夢を見る方法②】WILDテクニック	dreaming-rem-sleep
3239	post	lucid-dreaming-wild-technique	【明晰夢を見る方法②】WILDテクニック	meditation
3256	post	visualization	【ビジュアライゼーションの方法】鮮明な想像で夢を創り出そう	out-of-body
3283	post	altahr	【Fitbit AltaHR 完全レビュー】AltaHRはお風呂でもずっと外せない相棒になった！	android-app
3374	post	stability-dream-stephenlaberge	明晰夢を長く見る10の方法「夢の安定化テクニック」 byスティーヴン・ラバージ＋僕	meditation
3374	post	stability-dream-stephenlaberge	明晰夢を長く見る10の方法「夢の安定化テクニック」 byスティーヴン・ラバージ＋僕	out-of-body
3470	post	nova-launcher	Nova Launcher(ノバランチャー)の使い方をカスタマイズ例６つで紹介する	icon-pack
3470	post	nova-launcher	Nova Launcher(ノバランチャー)の使い方をカスタマイズ例６つで紹介する	memo-widget
3470	post	nova-launcher	Nova Launcher(ノバランチャー)の使い方をカスタマイズ例６つで紹介する	tasker-example
3470	post	nova-launcher	Nova Launcher(ノバランチャー)の使い方をカスタマイズ例６つで紹介する	android-home-like-iphone
3466	post	bulk-up	【絶対増量できます】どうやっても太れない人が太る方法を僕の経験から教えます！	how-do-i-get-fat
3466	post	bulk-up	【絶対増量できます】どうやっても太れない人が太る方法を僕の経験から教えます！	altahr
3466	post	bulk-up	【絶対増量できます】どうやっても太れない人が太る方法を僕の経験から教えます！	protein-my-protein
3624	post	carnavi-mechanism	【カーナビの仕組みは？】カーナビ選びに役立つ各機能の仕組みを知ろう	car-navigation-choice
3624	post	carnavi-mechanism	【カーナビの仕組みは？】カーナビ選びに役立つ各機能の仕組みを知ろう	gps-mechanism
3717	post	gps-mechanism	カーナビのGPSにはどんな技術が詰まっている？	carnavi-mechanism
3791	post	carnavi-spapp-pnd	【カーナビvsスマホ】地図アプリでは到底カーナビにはなり得ない！	portable-navigation
3791	post	carnavi-spapp-pnd	【カーナビvsスマホ】地図アプリでは到底カーナビにはなり得ない！	carnavi-mechanism
3791	post	carnavi-spapp-pnd	【カーナビvsスマホ】地図アプリでは到底カーナビにはなり得ない！	car-navigation-choice
3791	post	carnavi-spapp-pnd	【カーナビvsスマホ】地図アプリでは到底カーナビにはなり得ない！	car-navigation-maker-comparison
3791	post	carnavi-spapp-pnd	【カーナビvsスマホ】地図アプリでは到底カーナビにはなり得ない！	carnavigation-connect
3791	post	carnavi-spapp-pnd	【カーナビvsスマホ】地図アプリでは到底カーナビにはなり得ない！	portable-navigation
3840	post	genuine-common	【カーナビ】「純正品と社外品(市販品)どちらを選ぶべき？」車を選ぶときから考えてみよう	carnavi-distinguish
3840	post	genuine-common	【カーナビ】「純正品と社外品(市販品)どちらを選ぶべき？」車を選ぶときから考えてみよう	carnavigation-connect
3840	post	genuine-common	【カーナビ】「純正品と社外品(市販品)どちらを選ぶべき？」車を選ぶときから考えてみよう	car-navigation-choice
3942	post	carnavi-recommend	社外品市販カーナビの最新おすすめモデル５つを厳選！	car-navigation-choice
3942	post	carnavi-recommend	社外品市販カーナビの最新おすすめモデル５つを厳選！	cyber-navi-review
3942	post	carnavi-recommend	社外品市販カーナビの最新おすすめモデル５つを厳選！	kenwood-saisokunavi
3942	post	carnavi-recommend	社外品市販カーナビの最新おすすめモデル５つを厳選！	panasonic-strada
3942	post	carnavi-recommend	社外品市販カーナビの最新おすすめモデル５つを厳選！	car-navigation-choice
3997	post	carnavi-size	「自分の車には何インチが付く?」カーナビのサイズ/大きさの違いまとめ	car-navigation-matome
3997	post	carnavi-size	「自分の車には何インチが付く?」カーナビのサイズ/大きさの違いまとめ	portable-navigation
3997	post	carnavi-size	「自分の車には何インチが付く?」カーナビのサイズ/大きさの違いまとめ	carnavi-distinguish
3997	post	carnavi-size	「自分の車には何インチが付く?」カーナビのサイズ/大きさの違いまとめ	big-car-navi-compatible-model
3997	post	carnavi-size	「自分の車には何インチが付く?」カーナビのサイズ/大きさの違いまとめ	best-kit-just-fit
3997	post	carnavi-size	「自分の車には何インチが付く?」カーナビのサイズ/大きさの違いまとめ	car-navi-to-portable-navi
4053	post	carnavi-way-to-buy	カーナビはどこのお店に売っている？ネットでも買える？【カーナビの購入方法まとめ】	car-navigation-choice
4053	post	carnavi-way-to-buy	カーナビはどこのお店に売っている？ネットでも買える？【カーナビの購入方法まとめ】	carnavi-recommend
4053	post	carnavi-way-to-buy	カーナビはどこのお店に売っている？ネットでも買える？【カーナビの購入方法まとめ】	carnavigation-connect
4053	post	carnavi-way-to-buy	カーナビはどこのお店に売っている？ネットでも買える？【カーナビの購入方法まとめ】	carnavi-distinguish
4067	post	pioneer-carrozzeria	カーナビのトップメーカー！carrozzeriaのカーナビを徹底解説！【パイオニア】	carnavi-mechanism
4067	post	pioneer-carrozzeria	カーナビのトップメーカー！carrozzeriaのカーナビを徹底解説！【パイオニア】	carnavi-size
4275	post	panasonic-strada	カーナビでもブルーレイが見られる！PanasonicのStrada(ストラーダ)を徹底解説！	gps-mechanism
4275	post	panasonic-strada	カーナビでもブルーレイが見られる！PanasonicのStrada(ストラーダ)を徹底解説！	gps-mechanism
4275	post	panasonic-strada	カーナビでもブルーレイが見られる！PanasonicのStrada(ストラーダ)を徹底解説！	carnavi-mechanism
4457	post	icon-pack	アイコンパックでアプリアイコンを変えてオシャレなホーム画面に着せ替えよう！	nova-launcher
4564	post	online-tools	ブラウザで使える便利な無料オンラインツールを16個紹介する	pc-freesoft
4564	post	online-tools	ブラウザで使える便利な無料オンラインツールを16個紹介する	draw-io
4679	post	vivaldi	ブラウザ論争を終結させる最強ブラウザ「Vivaldi」の 10 のメリット	vivaldi-password
4679	post	vivaldi	ブラウザ論争を終結させる最強ブラウザ「Vivaldi」の 10 のメリット	vivaldi-settings
4679	post	vivaldi	ブラウザ論争を終結させる最強ブラウザ「Vivaldi」の 10 のメリット	chrome-extension
4679	post	vivaldi	ブラウザ論争を終結させる最強ブラウザ「Vivaldi」の 10 のメリット	android-browser
4718	post	antiperspirants	【デトランスα レビュー】単品使用でも脇毛処理で効果倍増→手足の汗も普通肌用で改善！	bulk-up
4718	post	antiperspirants	【デトランスα レビュー】単品使用でも脇毛処理で効果倍増→手足の汗も普通肌用で改善！	teashi-ashiase
4775	post	office-chair	【クレネ レビュー】おすすめのオフィスチェアと自分が気に入る椅子の選び方	amazon-shopping-success
4874	post	radio-relax	「ネットラジオ」で有線放送のようなリラックス音楽を無限&気軽に楽しむ	celtic-music
4874	post	radio-relax	「ネットラジオ」で有線放送のようなリラックス音楽を無限&気軽に楽しむ	amazon-prime-student
5109	post	how-to-write-blog	【質の良いコンテンツのために】ブログ記事執筆のオススメな進め方	visual-editor-style
5107	post	tasker-example	Android 最強アプリ「Tasker」のユニークな使い方例 7 選！	wi-fi-auto-onoff
5107	post	tasker-example	Android 最強アプリ「Tasker」のユニークな使い方例 7 選！	mezamashi-curtain-mornin
5303	post	easeus-mobisaver	Androidのファイル復元アプリ「EaseUS MobiSaver」を使ってみた【PR】	easeus-data-recovery-wizard
6062	post	cat-cost	ねこを飼うのにお金はいくらかかる？実際に2匹飼っている僕が計算！	cats-goods
6184	post	cat-playing	【ねこと遊ぶ】ねこは最低でも毎日どれくらいの時間遊んであげればいい？	cat-cost
6471	post	percussion-wind-orchestra	吹奏楽でよく使われる打楽器を超主観的にひたすら紹介しまくってみる	suisougaku-nazo
6471	post	percussion-wind-orchestra	吹奏楽でよく使われる打楽器を超主観的にひたすら紹介しまくってみる	percussion-setting
6471	post	percussion-wind-orchestra	吹奏楽でよく使われる打楽器を超主観的にひたすら紹介しまくってみる	celtic-music
6850	post	best-kit-just-fit	カーナビの取付情報を完全網羅で調査できるBEST KITとJUST FITの使い方	carnavi-size
6850	post	best-kit-just-fit	カーナビの取付情報を完全網羅で調査できるBEST KITとJUST FITの使い方	fitting-kit
6850	post	best-kit-just-fit	カーナビの取付情報を完全網羅で調査できるBEST KITとJUST FITの使い方	carnavi-size
6850	post	best-kit-just-fit	カーナビの取付情報を完全網羅で調査できるBEST KITとJUST FITの使い方	carnavi-distinguish
6850	post	best-kit-just-fit	カーナビの取付情報を完全網羅で調査できるBEST KITとJUST FITの使い方	fitting-kit-alternative-cable
6850	post	best-kit-just-fit	カーナビの取付情報を完全網羅で調査できるBEST KITとJUST FITの使い方	carnavigation-connect
6932	post	fitting-kit	取り付けキットとは？必要な部品が集まった便利な物だけど注意も必要！	carnavigation-connect
6932	post	fitting-kit	取り付けキットとは？必要な部品が集まった便利な物だけど注意も必要！	best-kit-just-fit
6932	post	fitting-kit	取り付けキットとは？必要な部品が集まった便利な物だけど注意も必要！	fitting-kit-alternative-cable
6966	post	sleep-signal	眠りに落ちるときの５つのサイン（僕オリジナル）	driving-sleeping-dying
6955	post	car-navigation-maker-comparison	社外品カーナビの各メーカーを徹底比較！精度の差やラインナップは？	carnavi-way-to-buy
6955	post	car-navigation-maker-comparison	社外品カーナビの各メーカーを徹底比較！精度の差やラインナップは？	carnavi-size
6955	post	car-navigation-maker-comparison	社外品カーナビの各メーカーを徹底比較！精度の差やラインナップは？	pioneer-carrozzeria
6955	post	car-navigation-maker-comparison	社外品カーナビの各メーカーを徹底比較！精度の差やラインナップは？	cyber-navi-review
6955	post	car-navigation-maker-comparison	社外品カーナビの各メーカーを徹底比較！精度の差やラインナップは？	portable-navigation
6955	post	car-navigation-maker-comparison	社外品カーナビの各メーカーを徹底比較！精度の差やラインナップは？	panasonic-strada
6955	post	car-navigation-maker-comparison	社外品カーナビの各メーカーを徹底比較！精度の差やラインナップは？	kenwood-saisokunavi
7069	post	fitting-kit-alternative-cable	カーナビの取り付けキットを買わずに単品で部品を揃えて安く抑える方法	fitting-kit
7069	post	fitting-kit-alternative-cable	カーナビの取り付けキットを買わずに単品で部品を揃えて安く抑える方法	best-kit-just-fit
7069	post	fitting-kit-alternative-cable	カーナビの取り付けキットを買わずに単品で部品を揃えて安く抑える方法	carnavigation-connect
7069	post	fitting-kit-alternative-cable	カーナビの取り付けキットを買わずに単品で部品を揃えて安く抑える方法	best-kit-just-fit
7125	post	car-navi-attachment	【DIY】カーナビ取り付けを自分でやろう！メリットと車種ごとの調べ方	carnavi-way-to-buy
7125	post	car-navi-attachment	【DIY】カーナビ取り付けを自分でやろう！メリットと車種ごとの調べ方	best-kit-just-fit
7253	post	kewswap	「KeySwap」でWindowsのキーマップを最強の布陣にする	hotkeyp
7448	post	10th-sound-horizon	次のサンホラアルバム（10th？8th？）の地平線を予想する	celtic-music
7448	post	10th-sound-horizon	次のサンホラアルバム（10th？8th？）の地平線を予想する	sound-horizon-15-anniv
7541	post	ajbc	吹奏楽コンクール至上主義派とその対立、「コンクールは音楽じゃない」議論とか諸々	suisougaku-nazo
7541	post	ajbc	吹奏楽コンクール至上主義派とその対立、「コンクールは音楽じゃない」議論とか諸々	ajbc-2019
7555	post	suisougaku-nazo	吹奏楽という立ち位置不明の音楽ジャンル、吹奏楽部という超独特なコミュニティ	ajbc
7645	post	portable-navigation	元カーナビ販売員が選ぶポータブルナビおすすめTOP 5：選び方やスマホとの比較も解説	car-navigation-system-and-portable-navigation
7645	post	portable-navigation	元カーナビ販売員が選ぶポータブルナビおすすめTOP 5：選び方やスマホとの比較も解説	portable-navi-fitting-connecting
7645	post	portable-navigation	元カーナビ販売員が選ぶポータブルナビおすすめTOP 5：選び方やスマホとの比較も解説	car-law
7645	post	portable-navigation	元カーナビ販売員が選ぶポータブルナビおすすめTOP 5：選び方やスマホとの比較も解説	portable-navigation-and-smartphone
7807	post	portable-navigation-and-smartphone	【ポータブルナビ&スマホ比較】スマホナビはおすすめしない5つの理由	googlemap-zenrin
7807	post	portable-navigation-and-smartphone	【ポータブルナビ&スマホ比較】スマホナビはおすすめしない5つの理由	carnavi-mechanism
7807	post	portable-navigation-and-smartphone	【ポータブルナビ&スマホ比較】スマホナビはおすすめしない5つの理由	gps-mechanism
7807	post	portable-navigation-and-smartphone	【ポータブルナビ&スマホ比較】スマホナビはおすすめしない5つの理由	portable-navigation
7807	post	portable-navigation-and-smartphone	【ポータブルナビ&スマホ比較】スマホナビはおすすめしない5つの理由	portable-navigation-and-smartphone
7807	post	portable-navigation-and-smartphone	【ポータブルナビ&スマホ比較】スマホナビはおすすめしない5つの理由	portable-navigation
7907	post	car-navigation-system-and-portable-navigation	【カーナビとポータブルナビの徹底比較】3つの観点でどこよりも詳しく説明	carnavi-size
7907	post	car-navigation-system-and-portable-navigation	【カーナビとポータブルナビの徹底比較】3つの観点でどこよりも詳しく説明	carnavigation-connect
7907	post	car-navigation-system-and-portable-navigation	【カーナビとポータブルナビの徹底比較】3つの観点でどこよりも詳しく説明	car-navi-attachment
7907	post	car-navigation-system-and-portable-navigation	【カーナビとポータブルナビの徹底比較】3つの観点でどこよりも詳しく説明	gps-mechanism
7956	post	portable-navi-fitting-connecting	ポータブルナビの取付方法と接続についてどこよりも詳しく解説します	car-navigation-system-and-portable-navigation
7956	post	portable-navi-fitting-connecting	ポータブルナビの取付方法と接続についてどこよりも詳しく解説します	car-law
7956	post	portable-navi-fitting-connecting	ポータブルナビの取付方法と接続についてどこよりも詳しく解説します	portable-navigation
8104	post	car-navigation-matome	【保存版】社外品カーナビを自分で購入＆取付するための完全ガイド！	genuine-common
8104	post	car-navigation-matome	【保存版】社外品カーナビを自分で購入＆取付するための完全ガイド！	carnavi-mechanism
8104	post	car-navigation-matome	【保存版】社外品カーナビを自分で購入＆取付するための完全ガイド！	gps-mechanism
8104	post	car-navigation-matome	【保存版】社外品カーナビを自分で購入＆取付するための完全ガイド！	car-navigation-system-and-portable-navigation
8104	post	car-navigation-matome	【保存版】社外品カーナビを自分で購入＆取付するための完全ガイド！	portable-navigation
8104	post	car-navigation-matome	【保存版】社外品カーナビを自分で購入＆取付するための完全ガイド！	carnavi-spapp-pnd
8104	post	car-navigation-matome	【保存版】社外品カーナビを自分で購入＆取付するための完全ガイド！	car-navigation-choice
8104	post	car-navigation-matome	【保存版】社外品カーナビを自分で購入＆取付するための完全ガイド！	car-navigation-maker-comparison
8104	post	car-navigation-matome	【保存版】社外品カーナビを自分で購入＆取付するための完全ガイド！	carnavi-recommend
8104	post	car-navigation-matome	【保存版】社外品カーナビを自分で購入＆取付するための完全ガイド！	carnavi-size
8104	post	car-navigation-matome	【保存版】社外品カーナビを自分で購入＆取付するための完全ガイド！	big-car-navi-compatible-model
8104	post	car-navigation-matome	【保存版】社外品カーナビを自分で購入＆取付するための完全ガイド！	carnavi-way-to-buy
8104	post	car-navigation-matome	【保存版】社外品カーナビを自分で購入＆取付するための完全ガイド！	carnavigation-connect
8104	post	car-navigation-matome	【保存版】社外品カーナビを自分で購入＆取付するための完全ガイド！	best-kit-just-fit
8104	post	car-navigation-matome	【保存版】社外品カーナビを自分で購入＆取付するための完全ガイド！	car-navi-attachment
8104	post	car-navigation-matome	【保存版】社外品カーナビを自分で購入＆取付するための完全ガイド！	fitting-kit-alternative-cable
8277	post	ice-pillow	氷枕を使ったら睡眠が恐ろしいほど深くなって熟睡できるようになった話	dreaming-rem-sleep
8322	post	dna-geen-life	どうしても増量したくて遺伝子検査(GeneLife Genesis2.0)をやったら超楽しかった！	prescription-medicine
8491	post	celeste-chapter-9	【Celeste】無料DLCでChapter9が追加→恐ろしいほどの隠し要素の数々をまとめてみた…	celeste-review
8612	post	hotkeyp	Windows最強のショートカットキー作成ソフト「HotkeyP」で作業効率が300%くらい上がる	kewswap
8778	post	excel-format-reset	Excelでフォント/色/太字/背景色など全ての書式をリセットする機能をボタン化して使う	relaxtools-addin
8778	post	excel-format-reset	Excelでフォント/色/太字/背景色など全ての書式をリセットする機能をボタン化して使う	excel-addin-shortcut-key
8863	post	drinking-dreaming	飲み会へ行けば金縛りになれる。眠りを浅くする大切さを再認識した話	ice-pillow
8863	post	drinking-dreaming	飲み会へ行けば金縛りになれる。眠りを浅くする大切さを再認識した話	out-of-body
8871	post	cat-no-1-yes-2	「ねこを飼いたい！」と思っているあなたへ。不安ならむしろ1匹より2匹をおすすめします	cat-cost
8871	post	cat-no-1-yes-2	「ねこを飼いたい！」と思っているあなたへ。不安ならむしろ1匹より2匹をおすすめします	purina-one
8871	post	cat-no-1-yes-2	「ねこを飼いたい！」と思っているあなたへ。不安ならむしろ1匹より2匹をおすすめします	cat-get
8890	post	cat-get	【ねこ入手方法徹底比較】猫を迎え入れる方法を全て試した僕が紹介します	red-and-blue
8890	post	cat-get	【ねこ入手方法徹底比較】猫を迎え入れる方法を全て試した僕が紹介します	cat-no-1-yes-2
8934	post	sound-horizon-15-anniv	サンホラ15周年サイトでいきなり未発表曲が公開！！次の地平線が来るの…？	10th-sound-horizon
9023	post	windows-add-network-place	【Windows】FTPアドレスなどからファイル共有をするときにネットワークドライブとして使う	from-windows-to-android
9022	post	cyber-navi-review	【サイバーナビ レビュー】僕がなぜサイバーナビを選ぶのか？現行モデルの底力は本当におすすめ	car-navigation-maker-comparison
9022	post	cyber-navi-review	【サイバーナビ レビュー】僕がなぜサイバーナビを選ぶのか？現行モデルの底力は本当におすすめ	pioneer-carrozzeria
9022	post	cyber-navi-review	【サイバーナビ レビュー】僕がなぜサイバーナビを選ぶのか？現行モデルの底力は本当におすすめ	time-alignment
9022	post	cyber-navi-review	【サイバーナビ レビュー】僕がなぜサイバーナビを選ぶのか？現行モデルの底力は本当におすすめ	cyber-navi-review-score
9022	post	cyber-navi-review	【サイバーナビ レビュー】僕がなぜサイバーナビを選ぶのか？現行モデルの底力は本当におすすめ	car-navigation-matome
9081	post	x-server-cocoon-speedup	【Xサーバー/Cocoon】キャッシュ系高速化機能の兼ね合いについてまとめてみた	is-mobile
9248	post	android-home-like-iphone	【Androidカスタマイズ】iPhone風ホーム画面を作ったがダサかったので一味変えてオシャレにしてみた	icon-pack
9279	post	best-virus-soft	7つのセキュリティソフトを使ってきた僕が有料/無料でそれぞれ王座を決める	android-app
9320	post	line-notification	【他のサイトを見ても解決しなかったあなたへ】LINEの通知が来なくなったときにやるべき１つのこと	line-kirai
9341	post	android-9-notification	Android 9の通知形態まとめ。デフォルトでポップアップ設定じゃないことがあるので注意	line-notification
9341	post	android-9-notification	Android 9の通知形態まとめ。デフォルトでポップアップ設定じゃないことがあるので注意	android-app
9447	post	excel-addin-shortcut-key	自作したExcelアドイン（元はマクロ）にショートカットキーを割り当てる	excel-format-reset
9464	post	cat-stay-at-home	一人暮らしでの猫お留守番方法まとめ。社会人の男で2匹飼いだとこんな感じ	cat-get
9464	post	cat-stay-at-home	一人暮らしでの猫お留守番方法まとめ。社会人の男で2匹飼いだとこんな感じ	cat-no-1-yes-2
9464	post	cat-stay-at-home	一人暮らしでの猫お留守番方法まとめ。社会人の男で2匹飼いだとこんな感じ	cat-water
9464	post	cat-stay-at-home	一人暮らしでの猫お留守番方法まとめ。社会人の男で2匹飼いだとこんな感じ	mercari-sell
9464	post	cat-stay-at-home	一人暮らしでの猫お留守番方法まとめ。社会人の男で2匹飼いだとこんな感じ	cats-toilet
9648	post	little-nightmares	リトルナイトメアを遊ぶか迷っている人向けに色々感想とか！【ネタバレなし&考察あり】	inside
9678	post	chrome-extension	断捨離派さん向け Chrome 拡張機能おすすめ 8 選	vivaldi
9678	post	chrome-extension	断捨離派さん向け Chrome 拡張機能おすすめ 8 選	amazon-shopping-success
9678	post	chrome-extension	断捨離派さん向け Chrome 拡張機能おすすめ 8 選	easy-to-save-image-as
9724	post	cyber-navi-review-score	サイバーナビのAmazonレビューが微妙に点数低めなのはなぜ？販売者の視点で分析	cyber-navi-review
9724	post	cyber-navi-review-score	サイバーナビのAmazonレビューが微妙に点数低めなのはなぜ？販売者の視点で分析	carnavi-size
9724	post	cyber-navi-review-score	サイバーナビのAmazonレビューが微妙に点数低めなのはなぜ？販売者の視点で分析	carnavigation-connect
9724	post	cyber-navi-review-score	サイバーナビのAmazonレビューが微妙に点数低めなのはなぜ？販売者の視点で分析	car-navi-attachment
9724	post	cyber-navi-review-score	サイバーナビのAmazonレビューが微妙に点数低めなのはなぜ？販売者の視点で分析	carnavi-size
9724	post	cyber-navi-review-score	サイバーナビのAmazonレビューが微妙に点数低めなのはなぜ？販売者の視点で分析	carnavigation-connect
9724	post	cyber-navi-review-score	サイバーナビのAmazonレビューが微妙に点数低めなのはなぜ？販売者の視点で分析	best-kit-just-fit
9724	post	cyber-navi-review-score	サイバーナビのAmazonレビューが微妙に点数低めなのはなぜ？販売者の視点で分析	fitting-kit-alternative-cable
9724	post	cyber-navi-review-score	サイバーナビのAmazonレビューが微妙に点数低めなのはなぜ？販売者の視点で分析	cyber-navi-review
9791	post	firewatch	「Firewatch」は考察する隙のない最高の考察ゲーだった【ネタバレなし&考察あり】	out-of-body
9791	post	firewatch	「Firewatch」は考察する隙のない最高の考察ゲーだった【ネタバレなし&考察あり】	windows-spotlight
9818	post	cat-report	【初めての猫】飼育経過報告まとめ！男一人暮らしで2匹飼い、大変なことは？	cat-get
9818	post	cat-report	【初めての猫】飼育経過報告まとめ！男一人暮らしで2匹飼い、大変なことは？	purina-one
9818	post	cat-report	【初めての猫】飼育経過報告まとめ！男一人暮らしで2匹飼い、大変なことは？	cats-goods
9818	post	cat-report	【初めての猫】飼育経過報告まとめ！男一人暮らしで2匹飼い、大変なことは？	cat-cost
9818	post	cat-report	【初めての猫】飼育経過報告まとめ！男一人暮らしで2匹飼い、大変なことは？	cat-playing
9818	post	cat-report	【初めての猫】飼育経過報告まとめ！男一人暮らしで2匹飼い、大変なことは？	cat-stay-at-home
9818	post	cat-report	【初めての猫】飼育経過報告まとめ！男一人暮らしで2匹飼い、大変なことは？	cats-toilet
9843	post	notify-filtering	【Android】要らない通知だけをフィルタリングして遮る３つの方法	android-9-notification
9843	post	notify-filtering	【Android】要らない通知だけをフィルタリングして遮る３つの方法	tasker-example
9875	post	inside	INSIDEプレイ。感想とストーリー考察書くよ【ネタバレ配慮してます】	little-nightmares
9922	post	dear-little-laurant	サンホラのファンになろうか迷っている/サンホラを聴き始めようか迷っているあなたへ	soundhorizon-recommend
9922	post	dear-little-laurant	サンホラのファンになろうか迷っている/サンホラを聴き始めようか迷っているあなたへ	why-do-i-like-soundhorizon
10056	post	excel-shortcut-key	僕が愛してやまないExcelのショートカットキー13個	excel-addin-shortcut-key
10056	post	excel-shortcut-key	僕が愛してやまないExcelのショートカットキー13個	excel-format-reset
10095	post	is-mobile	WordPressのページキャッシュのせいでis_mobile()を使った分岐が死んでいた	x-server-cocoon-speedup
10095	post	is-mobile	WordPressのページキャッシュのせいでis_mobile()を使った分岐が死んでいた	wordpress-css-is_mobile
10177	post	just-answer	【危険サイト注意】ジャストアンサー(JustAnswer)とは：質問は無料じゃない	ways-determined-which-dark-site
10206	post	ways-determined-which-dark-site	【実例つき】詐欺に遭わないために。怪しいサイトを見分ける７つの方法	just-answer
10411	post	best-movie	僕が好きなおすすめ映画(洋画) 25 選を紹介するやつ	firewatch
10411	post	best-movie	僕が好きなおすすめ映画(洋画) 25 選を紹介するやつ	comics
10411	post	best-movie	僕が好きなおすすめ映画(洋画) 25 選を紹介するやつ	comics
10558	post	logicool-mouses	【Logicoolマウス検討記】MX Master 3→MX Anywhere 2S→M590GTを比較！高級機がおすすめとは限らない	recommended-mouse-qtuo
10558	post	logicool-mouses	【Logicoolマウス検討記】MX Master 3→MX Anywhere 2S→M590GTを比較！高級機がおすすめとは限らない	mercari-sell
10558	post	logicool-mouses	【Logicoolマウス検討記】MX Master 3→MX Anywhere 2S→M590GTを比較！高級機がおすすめとは限らない	good-goods
10704	post	windows-settings	Windows10をバリ使いやすくするためのおすすめ設定を10個紹介する	hotkeyp
10704	post	windows-settings	Windows10をバリ使いやすくするためのおすすめ設定を10個紹介する	kazaguru-mouse
10704	post	windows-settings	Windows10をバリ使いやすくするためのおすすめ設定を10個紹介する	kazaguru-mouse-matome
10704	post	windows-settings	Windows10をバリ使いやすくするためのおすすめ設定を10個紹介する	win-touchpad-soft
10704	post	windows-settings	Windows10をバリ使いやすくするためのおすすめ設定を10個紹介する	pc-freesoft
10901	post	vivaldi-password	Vivaldiのパスワード保存されない問題は解決したけど超遠回りした上にアホみたいなオチだった話	vivaldi
10934	post	vivaldi-settings	最強の作業効率化ブラウザ「Vivaldi」の僕の設定を全て公開する！	chrome-extension
10934	post	vivaldi-settings	最強の作業効率化ブラウザ「Vivaldi」の僕の設定を全て公開する！	vivaldi
10934	post	vivaldi-settings	最強の作業効率化ブラウザ「Vivaldi」の僕の設定を全て公開する！	easy-to-save-image-as
10934	post	vivaldi-settings	最強の作業効率化ブラウザ「Vivaldi」の僕の設定を全て公開する！	vivaldi-password
11520	post	cocoon-merit	WordPress有料テーマよりCocoonを選ぶべき７つの理由	cocoon-editor-menu
11520	post	cocoon-merit	WordPress有料テーマよりCocoonを選ぶべき７つの理由	cocoon-html-insert
11520	post	cocoon-merit	WordPress有料テーマよりCocoonを選ぶべき７つの理由	x-server-cocoon-speedup
11651	post	wordpress-customize-start	【はじめてのWordPressカスタマイズ】全体像や必要な知識/考え方、その具体的な手順	how-to-write-blog
11324	post	usb-complete-guide	[保存版/図解あり] USB 完全ガイド (規格/端子, Type-C/Thunderbolt 3, 充電/USB PD)	usb-versions-and-connectors
11324	post	usb-complete-guide	[保存版/図解あり] USB 完全ガイド (規格/端子, Type-C/Thunderbolt 3, 充電/USB PD)	usb-versions-and-connectors
11324	post	usb-complete-guide	[保存版/図解あり] USB 完全ガイド (規格/端子, Type-C/Thunderbolt 3, 充電/USB PD)	usb-versions-and-connectors
11324	post	usb-complete-guide	[保存版/図解あり] USB 完全ガイド (規格/端子, Type-C/Thunderbolt 3, 充電/USB PD)	usb-type-c
11324	post	usb-complete-guide	[保存版/図解あり] USB 完全ガイド (規格/端子, Type-C/Thunderbolt 3, 充電/USB PD)	usb-type-c
11324	post	usb-complete-guide	[保存版/図解あり] USB 完全ガイド (規格/端子, Type-C/Thunderbolt 3, 充電/USB PD)	usb-power-supply
11324	post	usb-complete-guide	[保存版/図解あり] USB 完全ガイド (規格/端子, Type-C/Thunderbolt 3, 充電/USB PD)	usb-power-supply
11324	post	usb-complete-guide	[保存版/図解あり] USB 完全ガイド (規格/端子, Type-C/Thunderbolt 3, 充電/USB PD)	usb-connect
11917	post	nosh-2	在宅勤務で食事に困っている方へ：宅食サービス「nosh」が全て完璧に解決します!!	nosh
11972	post	how-to-enjoy-massage	高校生の頃からマッサージ(もみほぐし)に100回は行っている僕が楽しみ方を教える	technogel-pillow-review
11972	post	how-to-enjoy-massage	高校生の頃からマッサージ(もみほぐし)に100回は行っている僕が楽しみ方を教える	technogel-pillow-review
11972	post	how-to-enjoy-massage	高校生の頃からマッサージ(もみほぐし)に100回は行っている僕が楽しみ方を教える	best-pillows
12037	post	development-design-engineer	開発/設計職って実際は何してんの？現役の技術職がリアルな仕事内容を10個紹介	about-engineer
12037	post	development-design-engineer	開発/設計職って実際は何してんの？現役の技術職がリアルな仕事内容を10個紹介	veteran-ojisan
12130	post	i-wanna-recommend	死ぬほど遊んだアイワナ派生シリーズのおすすめ16選まとめ	celeste-review
12130	post	i-wanna-recommend	死ぬほど遊んだアイワナ派生シリーズのおすすめ16選まとめ	celeste-chapter-9
12380	post	about-engineer	【技術職とは？】職種や専門分野、具体的な仕事内容などを現役エンジニアがリアルに解説	veteran-ojisan
12380	post	about-engineer	【技術職とは？】職種や専門分野、具体的な仕事内容などを現役エンジニアがリアルに解説	it-engineer-categories
12380	post	about-engineer	【技術職とは？】職種や専門分野、具体的な仕事内容などを現役エンジニアがリアルに解説	sp-app-programming-schools
12380	post	about-engineer	【技術職とは？】職種や専門分野、具体的な仕事内容などを現役エンジニアがリアルに解説	system-engineer-type
12380	post	about-engineer	【技術職とは？】職種や専門分野、具体的な仕事内容などを現役エンジニアがリアルに解説	development-design-engineer
12380	post	about-engineer	【技術職とは？】職種や専門分野、具体的な仕事内容などを現役エンジニアがリアルに解説	elemental-technology-development
12380	post	about-engineer	【技術職とは？】職種や専門分野、具体的な仕事内容などを現役エンジニアがリアルに解説	engineer-work-life-balance
12380	post	about-engineer	【技術職とは？】職種や専門分野、具体的な仕事内容などを現役エンジニアがリアルに解説	thinking-tools
12380	post	about-engineer	【技術職とは？】職種や専門分野、具体的な仕事内容などを現役エンジニアがリアルに解説	engineer-major-smaller
12380	post	about-engineer	【技術職とは？】職種や専門分野、具体的な仕事内容などを現役エンジニアがリアルに解説	skill-up-by-work
12380	post	about-engineer	【技術職とは？】職種や専門分野、具体的な仕事内容などを現役エンジニアがリアルに解説	qualification-is-not-needed
12380	post	about-engineer	【技術職とは？】職種や専門分野、具体的な仕事内容などを現役エンジニアがリアルに解説	engineer-interview
12407	post	milmemo-box-usage	【ブログ用Webアプリ】好きなデザイン/アイコン/色を選べるタイトルボックス「みるめもぼっくす」	cocoon-html-insert
12638	post	best-pillows	【15万円以上試した】肩/首のコリに本当に効果がある枕を３つだけおすすめする	pillow-height
12638	post	best-pillows	【15万円以上試した】肩/首のコリに本当に効果がある枕を３つだけおすすめする	how-to-enjoy-massage
12638	post	best-pillows	【15万円以上試した】肩/首のコリに本当に効果がある枕を３つだけおすすめする	pillow-height
12638	post	best-pillows	【15万円以上試した】肩/首のコリに本当に効果がある枕を３つだけおすすめする	pillow-height-average
12638	post	best-pillows	【15万円以上試した】肩/首のコリに本当に効果がある枕を３つだけおすすめする	pillow-material
12638	post	best-pillows	【15万円以上試した】肩/首のコリに本当に効果がある枕を３つだけおすすめする	technogel-pillow-reviews
12638	post	best-pillows	【15万円以上試した】肩/首のコリに本当に効果がある枕を３つだけおすすめする	technogel-pillow-review
12638	post	best-pillows	【15万円以上試した】肩/首のコリに本当に効果がある枕を３つだけおすすめする	sleep-merge-pillow-reviews
12638	post	best-pillows	【15万円以上試した】肩/首のコリに本当に効果がある枕を３つだけおすすめする	sleepmergepillow-review
12638	post	best-pillows	【15万円以上試した】肩/首のコリに本当に効果がある枕を３つだけおすすめする	motton-review
12638	post	best-pillows	【15万円以上試した】肩/首のコリに本当に効果がある枕を３つだけおすすめする	ice-pillow
12638	post	best-pillows	【15万円以上試した】肩/首のコリに本当に効果がある枕を３つだけおすすめする	rokkakunou-makura-review
12638	post	best-pillows	【15万円以上試した】肩/首のコリに本当に効果がある枕を３つだけおすすめする	technogelpillow-and-sleepmergepillow
12638	post	best-pillows	【15万円以上試した】肩/首のコリに本当に効果がある枕を３つだけおすすめする	motton-compare
12638	post	best-pillows	【15万円以上試した】肩/首のコリに本当に効果がある枕を３つだけおすすめする	technogel-pillow-reviews
12638	post	best-pillows	【15万円以上試した】肩/首のコリに本当に効果がある枕を３つだけおすすめする	sleep-merge-pillow-reviews
13051	post	technogelpillow-and-sleepmergepillow	テクノジェルピローとスリープマージピローの徹底比較！もう好みで選んでもいいかも	best-pillows
13051	post	technogelpillow-and-sleepmergepillow	テクノジェルピローとスリープマージピローの徹底比較！もう好みで選んでもいいかも	technogel-pillow-review
13051	post	technogelpillow-and-sleepmergepillow	テクノジェルピローとスリープマージピローの徹底比較！もう好みで選んでもいいかも	sleepmergepillow-review
13051	post	technogelpillow-and-sleepmergepillow	テクノジェルピローとスリープマージピローの徹底比較！もう好みで選んでもいいかも	sleepmergepillow-review
13074	post	indies-game-recommend	個人的インディーズゲーム (Switch/PS/Steam) おすすめ 30 本くらいを紹介する！	celeste-review
13074	post	indies-game-recommend	個人的インディーズゲーム (Switch/PS/Steam) おすすめ 30 本くらいを紹介する！	firewatch
13074	post	indies-game-recommend	個人的インディーズゲーム (Switch/PS/Steam) おすすめ 30 本くらいを紹介する！	little-nightmares
13074	post	indies-game-recommend	個人的インディーズゲーム (Switch/PS/Steam) おすすめ 30 本くらいを紹介する！	inside
13074	post	indies-game-recommend	個人的インディーズゲーム (Switch/PS/Steam) おすすめ 30 本くらいを紹介する！	game-ranking
13109	post	pillow-height	「枕の高さ」を知れば肩こりは治せる：枕を変える効果は適切な高さへ近づくことにある	pillow-height-average
13109	post	pillow-height	「枕の高さ」を知れば肩こりは治せる：枕を変える効果は適切な高さへ近づくことにある	how-to-enjoy-massage
13109	post	pillow-height	「枕の高さ」を知れば肩こりは治せる：枕を変える効果は適切な高さへ近づくことにある	best-pillows
13232	post	technogel-pillow-reviews	【テクノジェルピローの口コミまとめ】4種類の低評価を分析すれば購入の不安は消える	good-goods
13232	post	technogel-pillow-reviews	【テクノジェルピローの口コミまとめ】4種類の低評価を分析すれば購入の不安は消える	technogel-pillow-review
13257	post	panasonic-memoto-esute	Panasonicの目もとエステ(EH-SW68-N)、効果あり。翌朝の目が超ラクで毎晩手放せない	how-to-enjoy-massage
13279	post	elemental-technology-development	要素技術開発とは？大手メーカーに入社以来ずっと在籍の僕が分かりやすく解説	about-engineer
13290	post	pillow-material	【枕の中材(詰め物の素材)の種類10選】肩こり改善で選ぶべきは数種類だけなので注意	best-pillows
13414	post	usb-versions-and-connectors	USB 規格と USB 端子の整理 (バージョン名称/端子形状/仕様の一覧)	usb-complete-guide
13414	post	usb-versions-and-connectors	USB 規格と USB 端子の整理 (バージョン名称/端子形状/仕様の一覧)	usb-type-c
13414	post	usb-versions-and-connectors	USB 規格と USB 端子の整理 (バージョン名称/端子形状/仕様の一覧)	usb-type-c
13414	post	usb-versions-and-connectors	USB 規格と USB 端子の整理 (バージョン名称/端子形状/仕様の一覧)	usb-type-c
13318	post	sleep-merge-pillow-reviews	【スリープマージピローの口コミまとめ】こんなに低評価がない枕は珍しい！	best-pillows
13318	post	sleep-merge-pillow-reviews	【スリープマージピローの口コミまとめ】こんなに低評価がない枕は珍しい！	sleepmergepillow-review
13318	post	sleep-merge-pillow-reviews	【スリープマージピローの口コミまとめ】こんなに低評価がない枕は珍しい！	pillow-height
13441	post	usb-type-c	USB Type-C 完全ガイド (オルタネートモードや Thunderbolt 3 との関係など)	usb-complete-guide
13441	post	usb-type-c	USB Type-C 完全ガイド (オルタネートモードや Thunderbolt 3 との関係など)	usb-versions-and-connectors
13441	post	usb-type-c	USB Type-C 完全ガイド (オルタネートモードや Thunderbolt 3 との関係など)	usb-power-supply
13441	post	usb-type-c	USB Type-C 完全ガイド (オルタネートモードや Thunderbolt 3 との関係など)	usb-versions-and-connectors
13332	post	amazon-difficult	Amazonでワイヤレスイヤホンを買うのが医師国家試験並みに至難の業すぎる件	earphone-er4pt
13461	post	usb-power-supply	USBの 電力/電圧の仕様、USB PD などの充電規格について分かりやすく解説	usb-complete-guide
13461	post	usb-power-supply	USBの 電力/電圧の仕様、USB PD などの充電規格について分かりやすく解説	usb-type-c
13461	post	usb-power-supply	USBの 電力/電圧の仕様、USB PD などの充電規格について分かりやすく解説	usb-complete-guide
13461	post	usb-power-supply	USBの 電力/電圧の仕様、USB PD などの充電規格について分かりやすく解説	usb-versions-and-connectors
13387	post	motton-compare	【モットンと他のおすすめ枕を比較】僕のTOP3内でモットンだけが惜しい点を徹底解説	best-pillows
13387	post	motton-compare	【モットンと他のおすすめ枕を比較】僕のTOP3内でモットンだけが惜しい点を徹底解説	technogelpillow-and-sleepmergepillow
13387	post	motton-compare	【モットンと他のおすすめ枕を比較】僕のTOP3内でモットンだけが惜しい点を徹底解説	technogelpillow-and-sleepmergepillow
13387	post	motton-compare	【モットンと他のおすすめ枕を比較】僕のTOP3内でモットンだけが惜しい点を徹底解説	technogelpillow-and-sleepmergepillow
13631	post	pillow-height-average	【実データ公開】枕の高さの平均は？ネットで人気の枕 50 個を実際に調査してみた	pillow-height
13631	post	pillow-height-average	【実データ公開】枕の高さの平均は？ネットで人気の枕 50 個を実際に調査してみた	pillow-material
13631	post	pillow-height-average	【実データ公開】枕の高さの平均は？ネットで人気の枕 50 個を実際に調査してみた	best-pillows
13661	post	big-car-navi-compatible-model	8,9,10,11インチの大画面カーナビ(全メーカー)の適合車種まとめ	carnavi-size
13661	post	big-car-navi-compatible-model	8,9,10,11インチの大画面カーナビ(全メーカー)の適合車種まとめ	fitting-kit
13661	post	big-car-navi-compatible-model	8,9,10,11インチの大画面カーナビ(全メーカー)の適合車種まとめ	car-navigation-matome
13517	post	sleep-merge-pillow-repayment	【スリープマージピローの返金保証を実際に利用してみた】何の問題もなく本当に返金された	best-pillows
13557	post	system-engineer-type	一般に言う「ITエンジニア」とメーカーにいる「組み込みソフトエンジニア」の違いは？	it-engineer-categories
13557	post	system-engineer-type	一般に言う「ITエンジニア」とメーカーにいる「組み込みソフトエンジニア」の違いは？	engineer-programming
13579	post	technogel-pillow-review	テクノジェルピロー(Technogel Original Collection Anatomic Curve Pillow)超徹底レビュー！マジで史上最高の枕では…	technogel-pillow-reviews
13579	post	technogel-pillow-review	テクノジェルピロー(Technogel Original Collection Anatomic Curve Pillow)超徹底レビュー！マジで史上最高の枕では…	pillow-height
13579	post	technogel-pillow-review	テクノジェルピロー(Technogel Original Collection Anatomic Curve Pillow)超徹底レビュー！マジで史上最高の枕では…	technogel-pillow-reviews
13732	post	it-engineer-categories	【初心者向け】ITエンジニアの仕事の種類10選：プログラムごとに分かりやすく解説	system-engineer-type
13757	post	sleepmergepillow-review	【スリープマージピロー徹底レビュー】低反発と高反発のハイブリッド感がやみつき…！	technogelpillow-and-sleepmergepillow
13757	post	sleepmergepillow-review	【スリープマージピロー徹底レビュー】低反発と高反発のハイブリッド感がやみつき…！	pillow-height
13757	post	sleepmergepillow-review	【スリープマージピロー徹底レビュー】低反発と高反発のハイブリッド感がやみつき…！	sleep-merge-pillow-repayment
13818	post	motton-reviews	【高反発まくらモットンの口コミまとめ】高さ調節機能と高反発さが目的の人におすすめ	motton-review
13818	post	motton-reviews	【高反発まくらモットンの口コミまとめ】高さ調節機能と高反発さが目的の人におすすめ	pillow-height
13818	post	motton-reviews	【高反発まくらモットンの口コミまとめ】高さ調節機能と高反発さが目的の人におすすめ	best-pillows
13911	post	motton-review	肩こり対策の最強枕「高反発まくらモットン」を５つのポイントで徹底レビュー	best-pillows
13911	post	motton-review	肩こり対策の最強枕「高反発まくらモットン」を５つのポイントで徹底レビュー	technogelpillow-and-sleepmergepillow
13940	post	jabara-hay-fever	【2ヶ月飲んでみた】じゃばらは花粉症に効果ありそう：サプリとジュースの違いも解説	prescription-medicine
13940	post	jabara-hay-fever	【2ヶ月飲んでみた】じゃばらは花粉症に効果ありそう：サプリとジュースの違いも解説	i-dont-catch-a-cold
13984	post	rokkakunou-makura-review	【六角脳枕レビュー】凹凸のおかげでマジで爆睡する…！寝返り促進で肩こりにも効果あり！	ice-pillow
13984	post	rokkakunou-makura-review	【六角脳枕レビュー】凹凸のおかげでマジで爆睡する…！寝返り促進で肩こりにも効果あり！	pillow-height-average
13984	post	rokkakunou-makura-review	【六角脳枕レビュー】凹凸のおかげでマジで爆睡する…！寝返り促進で肩こりにも効果あり！	best-pillows
13984	post	rokkakunou-makura-review	【六角脳枕レビュー】凹凸のおかげでマジで爆睡する…！寝返り促進で肩こりにも効果あり！	best-pillows
14070	post	rokkakunou-makura-reviews	【六角脳枕の口コミまとめ】難しい枕なのでネットの評価など事前調査をおすすめ	rokkakunou-makura-review
14070	post	rokkakunou-makura-reviews	【六角脳枕の口コミまとめ】難しい枕なのでネットの評価など事前調査をおすすめ	ice-pillow
14070	post	rokkakunou-makura-reviews	【六角脳枕の口コミまとめ】難しい枕なのでネットの評価など事前調査をおすすめ	best-pillows
14048	post	cocoon-faq	【回答つき】Cocoonフォーラムでよくある質問やカスタマイズ相談の一覧	kaereba-link-tool
14048	post	cocoon-faq	【回答つき】Cocoonフォーラムでよくある質問やカスタマイズ相談の一覧	is-mobile
14048	post	cocoon-faq	【回答つき】Cocoonフォーラムでよくある質問やカスタマイズ相談の一覧	cocoon-merit
14416	post	blog-10	副業の雑記ブログで安定した月 10 万円を得るまでにやった 5 つのこと [旧題ママ]	zakki-blog-saituyo
14416	post	blog-10	副業の雑記ブログで安定した月 10 万円を得るまでにやった 5 つのこと [旧題ママ]	youtube-muzui
14554	post	comics	個人的に好きな漫画を 20 作選んでみたので色々書いてみる(古いもの多め)	game-ranking
14554	post	comics	個人的に好きな漫画を 20 作選んでみたので色々書いてみる(古いもの多め)	best-movie
15082	post	infinite-scale	マリオ64でも使われている「無限音階」の仕組みを分かりやすく説明してみる	mahjong-random
15082	post	infinite-scale	マリオ64でも使われている「無限音階」の仕組みを分かりやすく説明してみる	microtonal-music
15177	post	win-touchpad-soft	Windows10 における最強のタッチパッド環境を構築する	hotkeyp
15267	post	coop	食品の宅配と本当に美味しくて豪華な宅食サービスとで生協(COOP)がおすすめすぎる件	nosh-2
15267	post	coop	食品の宅配と本当に美味しくて豪華な宅食サービスとで生協(COOP)がおすすめすぎる件	nosh
15460	post	win-spotlight-desktop	Windows Spotlightの綺麗な写真をデスクトップの背景にランダム表示させる方法	windows-spotlight
15611	post	lithium-ion-battery	スマホを長持ちさせるためにリチウムイオン電池を技術的に理解する：まだそんなことやってんの？	smartphone-battery
15611	post	lithium-ion-battery	スマホを長持ちさせるためにリチウムイオン電池を技術的に理解する：まだそんなことやってんの？	tasker-example
15764	post	pillow-backache	朝起きると死ぬほど背中~腰が痛い→原因は枕の高さが合っていないことだった	technogelpillow-and-sleepmergepillow
15764	post	pillow-backache	朝起きると死ぬほど背中~腰が痛い→原因は枕の高さが合っていないことだった	best-pillows
15764	post	pillow-backache	朝起きると死ぬほど背中~腰が痛い→原因は枕の高さが合っていないことだった	pillow-height
15764	post	pillow-backache	朝起きると死ぬほど背中~腰が痛い→原因は枕の高さが合っていないことだった	sleepmergepillow-review
15817	post	rss-feedly-slack	RSS(Feedly)をスマホでプッシュ通知させたいならSlackを使うべし	tasker-example
15877	post	yakuneba	約束のネバーランドを読んだ：漫画としてはとても好きだけどメタ的観点でひたすら惜しい	comics
15942	post	pillow-cover	枕カバーは何の意味があるのか：４種類の素材ごとで役割や選び方を考えてみた	pillow-material
16112	post	kazaguru-mouse-matome	かざぐるマウスで超便利だった機能と使えなくなっていった変遷、今の対応状況まとめ	pc-freesoft
16112	post	kazaguru-mouse-matome	かざぐるマウスで超便利だった機能と使えなくなっていった変遷、今の対応状況まとめ	kazaguru-mouse
16112	post	kazaguru-mouse-matome	かざぐるマウスで超便利だった機能と使えなくなっていった変遷、今の対応状況まとめ	windows-settings
16112	post	kazaguru-mouse-matome	かざぐるマウスで超便利だった機能と使えなくなっていった変遷、今の対応状況まとめ	logicool-mouses
16112	post	kazaguru-mouse-matome	かざぐるマウスで超便利だった機能と使えなくなっていった変遷、今の対応状況まとめ	vivaldi
16112	post	kazaguru-mouse-matome	かざぐるマウスで超便利だった機能と使えなくなっていった変遷、今の対応状況まとめ	vivaldi-settings
16112	post	kazaguru-mouse-matome	かざぐるマウスで超便利だった機能と使えなくなっていった変遷、今の対応状況まとめ	hotkeyp
16148	post	programming-hajimete	プログラミングを1ミリも知らない人に「何から始めればいい？」と聞かれて色々考えた	programming-5-point
16176	post	google-ime-tips	誰も教えてくれないGoogle日本語入力を使いこなすための５つのTips	kewswap
16378	post	teams	Teams が重い/遅いときにまず試すべき 3 つのこと	excel2016-cleanup
16629	post	iphone-android-spec	iPhoneとAndroidの本質的な違いを理解すればスペック論争のアホさが分かる	iphone-and-android
16766	post	subscription-services	「契約してよかった！」な生活を彩るサブスクサービス７選、まとめたぞ。	good-goods
16766	post	subscription-services	「契約してよかった！」な生活を彩るサブスクサービス７選、まとめたぞ。	amazon-prime-student
16766	post	subscription-services	「契約してよかった！」な生活を彩るサブスクサービス７選、まとめたぞ。	oniku-bara-freeze
16766	post	subscription-services	「契約してよかった！」な生活を彩るサブスクサービス７選、まとめたぞ。	indies-game-recommend
16907	post	teashi-ashiase	冬の手足・足汗が病的にヤバかったけど手足用の制汗剤でほぼ解決した	antiperspirants
16963	post	discussion	建設的な議論をしたいときに僕が気をつけているたった５つのこと	resuba-win
17037	post	alertness-and-awareness-of-self-consciousness	このブログでいう「覚醒度」や「自意識への認知度」とはなんなのか	out-of-body
17037	post	alertness-and-awareness-of-self-consciousness	このブログでいう「覚醒度」や「自意識への認知度」とはなんなのか	lucid-dreaming-training
17037	post	alertness-and-awareness-of-self-consciousness	このブログでいう「覚醒度」や「自意識への認知度」とはなんなのか	meditation
17037	post	alertness-and-awareness-of-self-consciousness	このブログでいう「覚醒度」や「自意識への認知度」とはなんなのか	out-of-body
17135	post	iphone-and-android	iPhone と Android の比較まとめ：14 項目の比較で見る両者の世界観と需要	iphone-android-spec
17135	post	iphone-and-android	iPhone と Android の比較まとめ：14 項目の比較で見る両者の世界観と需要	iphone-android-spec
17135	post	iphone-and-android	iPhone と Android の比較まとめ：14 項目の比較で見る両者の世界観と需要	android-app
17135	post	iphone-and-android	iPhone と Android の比較まとめ：14 項目の比較で見る両者の世界観と需要	tasker-example
17135	post	iphone-and-android	iPhone と Android の比較まとめ：14 項目の比較で見る両者の世界観と需要	lithium-ion-battery
17135	post	iphone-and-android	iPhone と Android の比較まとめ：14 項目の比較で見る両者の世界観と需要	android-app
17135	post	iphone-and-android	iPhone と Android の比較まとめ：14 項目の比較で見る両者の世界観と需要	android-home-like-iphone
17135	post	iphone-and-android	iPhone と Android の比較まとめ：14 項目の比較で見る両者の世界観と需要	android-9-notification
17135	post	iphone-and-android	iPhone と Android の比較まとめ：14 項目の比較で見る両者の世界観と需要	gboard
17135	post	iphone-and-android	iPhone と Android の比較まとめ：14 項目の比較で見る両者の世界観と需要	flick-for-type
17135	post	iphone-and-android	iPhone と Android の比較まとめ：14 項目の比較で見る両者の世界観と需要	android-browser
17135	post	iphone-and-android	iPhone と Android の比較まとめ：14 項目の比較で見る両者の世界観と需要	iphone-android-spec
17497	post	full-remote-work	フルリモートな会社でエンジニアやってて気付いた：これもう「フリーランスの自由度＋安心安全の会社員」で最強では？	remote-work-sabotage
17522	post	twitter-client	[iOS/Android] Twitter クライアントアプリ(無料/有料) 14 個を比較！おすすめ決定戦！！	android-app
17522	post	twitter-client	[iOS/Android] Twitter クライアントアプリ(無料/有料) 14 個を比較！おすすめ決定戦！！	subscription-or-purchase
17632	post	oniku-bara-freeze	お肉を買う量の調節が難しくて困ってる人、コープのバラ冷凍シリーズが神だよ	coop
17697	post	blog-writing-point	読みやすい記事を書くためのポイントを８個だけ挙げてみるよ	blog-rewrite-point
17729	post	car-navi-to-portable-navi	カーナビが自分の車につかないとき：今のポータブルナビは凄いので見て	portable-navigation
17835	post	blog-rewrite-point	書きっぱなし、ダメ。ゼッタイ。ブログをリライトするときの10のポイント	blog-writing-point
17837	post	resuba-win	レスバで勝てるようになるための５つの方法	discussion
17895	post	cashless-payment	3周くらい回って色々ひっくるめると電子決済時のセリフは「Suicaで」になる	cartolare-hammock-wallet
18066	post	karabiner-elements	Macの最強キーマッピングソフト「Karabiner-Elements」の設定を晒す	karabiner-elements-ime-toggle
18066	post	karabiner-elements	Macの最強キーマッピングソフト「Karabiner-Elements」の設定を晒す	vivaldi
18146	post	blog-for-you	全然ブログとか興味ない人向け「ブログってなんなの/なんで稼げるの/どうやって始めるの」	zakki-blog-saituyo
18146	post	blog-for-you	全然ブログとか興味ない人向け「ブログってなんなの/なんで稼げるの/どうやって始めるの」	cocoon-merit
18146	post	blog-for-you	全然ブログとか興味ない人向け「ブログってなんなの/なんで稼げるの/どうやって始めるの」	zakki-blog-saituyo
18146	post	blog-for-you	全然ブログとか興味ない人向け「ブログってなんなの/なんで稼げるの/どうやって始めるの」	blog-writing-point
18146	post	blog-for-you	全然ブログとか興味ない人向け「ブログってなんなの/なんで稼げるの/どうやって始めるの」	blog-rewrite-point
18146	post	blog-for-you	全然ブログとか興味ない人向け「ブログってなんなの/なんで稼げるの/どうやって始めるの」	wordpress-customize-start
18147	post	nitori-pillow	枕オタク(一般人)がニトリに並んでいる枕を適当に評価していくよ	best-pillows
18147	post	nitori-pillow	枕オタク(一般人)がニトリに並んでいる枕を適当に評価していくよ	pillow-height
18147	post	nitori-pillow	枕オタク(一般人)がニトリに並んでいる枕を適当に評価していくよ	pillow-material
18147	post	nitori-pillow	枕オタク(一般人)がニトリに並んでいる枕を適当に評価していくよ	ice-pillow
18147	post	nitori-pillow	枕オタク(一般人)がニトリに並んでいる枕を適当に評価していくよ	technogel-pillow-review
18290	post	twitter-share-count	Twitterのシェア数やいいね数をWordPressブログで表示する方法(count.jsoon)	wordpress-customize-start
18408	post	mobile-ad-block	iPhoneやAndroidなどスマホ全体で広告ブロックする方法(AdGuard/Trust DNS)	apk-app-install
18593	post	better-touch-tool	Macのトラックパッドを強化しよう：BetterTouchToolの使い方と設定晒し	karabiner-elements
18593	post	better-touch-tool	Macのトラックパッドを強化しよう：BetterTouchToolの使い方と設定晒し	win-touchpad-soft
18787	post	memo-app	PCでの統合メモアプリ選択の変遷とその記録：結局VSCode最強だと思います	pc-freesoft
18787	post	memo-app	PCでの統合メモアプリ選択の変遷とその記録：結局VSCode最強だと思います	onenote-newline
18787	post	memo-app	PCでの統合メモアプリ選択の変遷とその記録：結局VSCode最強だと思います	kami-memo
18811	post	out-of-body-world	体外離脱後の世界のイメージを頑張って言語化してみる	alertness-and-awareness-of-self-consciousness
